source,object_id,title,date,medium,dimensions,artist,museum,accession_number,object_url,iiif_image_url,iiif_manifest_url,license,license_url,extra
met,437216,The Fifteen Mysteries and the Virgin of the Rosary,ca. 1515–20,Oil on wood,(a) 9 7/8 x 21 in. (25.1 x 53.3 cm); (b–p) each 5 x 4 1/8 in. (12.7 x 10.5 cm),Netherlandish (Brussels) Painter,The Metropolitan Museum of Art,1987.290.3a–p,https://www.metmuseum.org/art/collection/search/437216,https://images.metmuseum.org/CRDImages/ep/original/DT5754.jpg,,CC0,https://www.metmuseum.org/about-the-met/policies-and-documents/open-access,"{'department': 'European Paintings', 'additionalImages': ['https://images.metmuseum.org/CRDImages/ep/original/LC-1987_290_3a-p-4.jpg', 'https://images.metmuseum.org/CRDImages/ep/original/LC-1987_290_3a-p-5.jpg', 'https://images.metmuseum.org/CRDImages/ep/original/LC-1987_290_3a-XRAY.jpg', 'https://images.metmuseum.org/CRDImages/ep/original/LC-1987_290_3a-p-6.jpg', 'https://images.metmuseum.org/CRDImages/ep/original/LC-1987_290_3a-p-7.jpg'], 'artistDisplayBio': ''}"
met,437202,Christ Bearing the Cross,,Oil on wood,42 3/8 x 32 3/8 in. (107.6 x 82.2 cm),North Netherlandish (Bruges) Painter,The Metropolitan Museum of Art,43.95,https://www.metmuseum.org/art/collection/search/437202,https://images.metmuseum.org/CRDImages/ep/original/DP-20751-001.jpg,,CC0,https://www.metmuseum.org/about-the-met/policies-and-documents/open-access,"{'department': 'European Paintings', 'additionalImages': ['https://images.metmuseum.org/CRDImages/ep/original/LC-43_95-1.jpg', 'https://images.metmuseum.org/CRDImages/ep/original/LC-43_95-2.jpg', 'https://images.metmuseum.org/CRDImages/ep/original/LC-43_95-3.jpg', 'https://images.metmuseum.org/CRDImages/ep/original/LC-43_95-11.jpg', 'https://images.metmuseum.org/CRDImages/ep/original/LC-43_95-IRR.jpg', 'https://images.metmuseum.org/CRDImages/ep/original/LC-43_95-12.jpg', 'https://images.metmuseum.org/CRDImages/ep/original/LC-43_95-13.jpg', 'https://images.metmuseum.org/CRDImages/ep/original/LC-43_95-14.jpg', 'https://images.metmuseum.org/CRDImages/ep/original/LC-43_95-15.jpg', 'https://images.metmuseum.org/CRDImages/ep/original/LC-43_95-XRAY.jpg'], 'artistDisplayBio': 'ca. 1470'}"
met,435897,Head of Christ (Ecce Homo),ca. 1445,"Oil on parchment, laid down on wood",Overall 5 7/8 x 4 1/4 in. (14.9 x 10.8 cm); parchment 5 3/4 x 4 1/8 in. (14.6 x 10.5 cm),Petrus Christus,The Metropolitan Museum of Art,60.71.1,https://www.metmuseum.org/art/collection/search/435897,https://images.metmuseum.org/CRDImages/ep/original/DT229079.jpg,,CC0,https://www.metmuseum.org/about-the-met/policies-and-documents/open-access,"{'department': 'European Paintings', 'additionalImages': ['https://images.metmuseum.org/CRDImages/ep/original/LC-60_71_1-XRAY.jpg', 'https://images.metmuseum.org/CRDImages/ep/original/LC-60_71_1-IRR.jpg'], 'artistDisplayBio': 'Netherlandish, Baarle-Hertog (Baerle-Duc), active by 1444–died 1475/76 Bruges'}"
met,437261,The Penitence of Saint Jerome,ca. 1515,Oil on wood,"Shaped top: central panel, overall, with engaged frame, 46 1/4 x 32 in. (117.5 x 81.3 cm); each wing, overall, with engaged frame, 47 1/2 x 14 in. (120.7 x 35.6 cm)",Joachim Patinir,The Metropolitan Museum of Art,36.14a–c,https://www.metmuseum.org/art/collection/search/437261,https://images.metmuseum.org/CRDImages/ep/original/DT5549.jpg,,CC0,https://www.metmuseum.org/about-the-met/policies-and-documents/open-access,"{'department': 'European Paintings', 'additionalImages': ['https://images.metmuseum.org/CRDImages/ep/original/DT5550.jpg', 'https://images.metmuseum.org/CRDImages/ep/original/LC-36_14a-c-2.jpg', 'https://images.metmuseum.org/CRDImages/ep/original/LC-36_14a-c-3.jpg', 'https://images.metmuseum.org/CRDImages/ep/original/LC-36_14a-c-4.jpg', 'https://images.metmuseum.org/CRDImages/ep/original/LC-36_14a-c-5.jpg', 'https://images.metmuseum.org/CRDImages/ep/original/LC-36_14a-c-6.jpg', 'https://images.metmuseum.org/CRDImages/ep/original/LC-36_14a-c-7a.jpg', 'https://images.metmuseum.org/CRDImages/ep/original/LC-36_14a-c-8a.jpg', 'https://images.metmuseum.org/CRDImages/ep/original/LC-36_14a-c-9.jpg', 'https://images.metmuseum.org/CRDImages/ep/original/LC-36_14a-c-10.jpg', 'https://images.metmuseum.org/CRDImages/ep/original/LC-36_14a-c-11.jpg', 'https://images.metmuseum.org/CRDImages/ep/original/LC-36_14a-c-12.jpg', 'https://images.metmuseum.org/CRDImages/ep/original/LC-36_14a-c-13.jpg', 'https://images.metmuseum.org/CRDImages/ep/original/LC-36_14a-c-14.jpg', 'https://images.metmuseum.org/CRDImages/ep/original/LC-36_14a-c-15.jpg', 'https://images.metmuseum.org/CRDImages/ep/original/LC-36_14a-c-16.jpg', 'https://images.metmuseum.org/CRDImages/ep/original/LC-36_14a-c-17.jpg', 'https://images.metmuseum.org/CRDImages/ep/original/LC-36_14a-c-19.jpg'], 'artistDisplayBio': 'Netherlandish, Dinant or Bouvignes, active by 1515–died 1524 Antwerp'}"
met,436531,Peasant Woman Cooking by a Fireplace,1885,Oil on canvas,17 3/8 x 15 in. (44.1 x 38.1 cm),Vincent van Gogh,The Metropolitan Museum of Art,1984.393,https://www.metmuseum.org/art/collection/search/436531,https://images.metmuseum.org/CRDImages/ep/original/DT2163.jpg,,CC0,https://www.metmuseum.org/about-the-met/policies-and-documents/open-access,"{'department': 'European Paintings', 'additionalImages': [], 'artistDisplayBio': 'Dutch, Zundert 1853–1890 Auvers-sur-Oise'}"
met,437061,Salvator Mundi,1480–85,Oil on wood,"Overall, with integral frame, diameter 10 3/4 in. (27.3 cm); painted surface 8 in. (20.3 cm)",Hans Memling,The Metropolitan Museum of Art,32.100.54,https://www.metmuseum.org/art/collection/search/437061,https://images.metmuseum.org/CRDImages/ep/original/DP-19586-001.jpg,,CC0,https://www.metmuseum.org/about-the-met/policies-and-documents/open-access,"{'department': 'European Paintings', 'additionalImages': ['https://images.metmuseum.org/CRDImages/ep/original/LC-32_100_54-IRR.jpg', 'https://images.metmuseum.org/CRDImages/ep/original/LC-32_100_54-XRAY.jpg', 'https://images.metmuseum.org/CRDImages/ep/original/LC-32_100_54-2.jpg', 'https://images.metmuseum.org/CRDImages/ep/original/LC-32_100_54-3.jpg'], 'artistDisplayBio': 'Netherlandish, Seligenstadt, active by 1465–died 1494 Bruges'}"
met,436102,Virgin and Child with Four Angels,ca. 1510–15,Oil on wood,24 7/8 x 15 3/8 in. (63.2 x 39.1 cm),Gerard David,The Metropolitan Museum of Art,1977.1.1,https://www.metmuseum.org/art/collection/search/436102,https://images.metmuseum.org/CRDImages/ep/original/DP-1410-001.jpg,,CC0,https://www.metmuseum.org/about-the-met/policies-and-documents/open-access,"{'department': 'European Paintings', 'additionalImages': ['https://images.metmuseum.org/CRDImages/ep/original/LC-1977_1_1-IRR_full.jpg', 'https://images.metmuseum.org/CRDImages/ep/original/LC-1977_1_1-IRRDetail.jpg', 'https://images.metmuseum.org/CRDImages/ep/original/LC-1977_1_1-XRAYDetail.jpg', 'https://images.metmuseum.org/CRDImages/ep/original/LC-1977_1_1_Xray_full.jpg'], 'artistDisplayBio': 'Netherlandish, Oudewater ca. 1455–1523 Bruges'}"
met,436803,The Adoration of the Magi,1472–74,Distemper on canvas,43 x 63 in. (109.2 x 160 cm),Justus of Ghent (Joos van Wassenhove),The Metropolitan Museum of Art,41.190.21,https://www.metmuseum.org/art/collection/search/436803,https://images.metmuseum.org/CRDImages/ep/original/DP-16339-001.jpg,,CC0,https://www.metmuseum.org/about-the-met/policies-and-documents/open-access,"{'department': 'European Paintings', 'additionalImages': ['https://images.metmuseum.org/CRDImages/ep/original/LC-41_190_21-3.jpg', 'https://images.metmuseum.org/CRDImages/ep/original/LC-41_190_21-5.jpg', 'https://images.metmuseum.org/CRDImages/ep/original/LC-41_190_21-9.jpg', 'https://images.metmuseum.org/CRDImages/ep/original/LC-41_190_21-10.jpg', 'https://images.metmuseum.org/CRDImages/ep/original/LC-41_190_21-13.jpg', 'https://images.metmuseum.org/CRDImages/ep/original/LC-41_190_21-17.jpg', 'https://images.metmuseum.org/CRDImages/ep/original/LC-41_190_21-20.jpg', 'https://images.metmuseum.org/CRDImages/ep/original/LC-41_190_21-25.jpg', 'https://images.metmuseum.org/CRDImages/ep/original/LC-41_190_21-IRR.jpg', 'https://images.metmuseum.org/CRDImages/ep/original/LC-41_190_21-26.jpg', 'https://images.metmuseum.org/CRDImages/ep/original/LC-41_190_21-27.jpg', 'https://images.metmuseum.org/CRDImages/ep/original/LC-41_190_21-XRAYFLAT.jpg'], 'artistDisplayBio': 'Netherlandish, active by 1460–died ca. 1480'}"
met,436526,"First Steps, after Millet",1890,Oil on canvas,28 1/2 x 35 7/8 in. (72.4 x 91.1 cm),Vincent van Gogh,The Metropolitan Museum of Art,64.165.2,https://www.metmuseum.org/art/collection/search/436526,https://images.metmuseum.org/CRDImages/ep/original/DP124808.jpg,,CC0,https://www.metmuseum.org/about-the-met/policies-and-documents/open-access,"{'department': 'European Paintings', 'additionalImages': [], 'artistDisplayBio': 'Dutch, Zundert 1853–1890 Auvers-sur-Oise'}"
met,437984,"La Berceuse (Woman Rocking a Cradle; Augustine-Alix Pellicot Roulin, 1851–1930)",1889,Oil on canvas,36 1/2 × 29 in. (92.7 × 73.7 cm),Vincent van Gogh,The Metropolitan Museum of Art,1996.435,https://www.metmuseum.org/art/collection/search/437984,https://images.metmuseum.org/CRDImages/ep/original/DP-19279-001.jpg,,CC0,https://www.metmuseum.org/about-the-met/policies-and-documents/open-access,"{'department': 'European Paintings', 'additionalImages': [], 'artistDisplayBio': 'Dutch, Zundert 1853–1890 Auvers-sur-Oise'}"
met,436099,The Nativity with Donors and Saints Jerome and Leonard,ca. 1510–15,"Oil on canvas, transferred from wood",Central panel 35 1/2 x 28 in. (90.2 x 71.1 cm); each wing 35 1/2 x 12 3/8 in. (90.2 x 31.4 cm),Gerard David,The Metropolitan Museum of Art,49.7.20a–c,https://www.metmuseum.org/art/collection/search/436099,https://images.metmuseum.org/CRDImages/ep/original/DT1476.jpg,,CC0,https://www.metmuseum.org/about-the-met/policies-and-documents/open-access,"{'department': 'European Paintings', 'additionalImages': ['https://images.metmuseum.org/CRDImages/ep/original/LC-49_7_20a_c-XRAY_det.jpg'], 'artistDisplayBio': 'Netherlandish, Oudewater ca. 1455–1523 Bruges'}"
met,626692,The Jabach Family,ca. 1660,Oil on canvas,110 1/4 × 129 1/8 in. (280 × 328 cm),Charles Le Brun,The Metropolitan Museum of Art,2014.250,https://www.metmuseum.org/art/collection/search/626692,https://images.metmuseum.org/CRDImages/ep/original/DP352819.jpg,,CC0,https://www.metmuseum.org/about-the-met/policies-and-documents/open-access,"{'department': 'European Paintings', 'additionalImages': ['https://images.metmuseum.org/CRDImages/ep/original/Le brun Jabach.jpg', 'https://images.metmuseum.org/CRDImages/ep/original/Jabach diagram.jpg', 'https://images.metmuseum.org/CRDImages/ep/original/Jabach Berlin.jpg', 'https://images.metmuseum.org/CRDImages/ep/original/ES3580anocap.jpg', 'https://images.metmuseum.org/CRDImages/ep/original/serlio1nocap.jpg', 'https://images.metmuseum.org/CRDImages/ep/original/serlio2nocap.jpg', 'https://images.metmuseum.org/CRDImages/ep/original/DP328999.jpg'], 'artistDisplayBio': 'French, Paris 1619–1690 Paris'}"
met,439327,Christ Blessing,ca. 1500–1505,Oil on wood,"Overall, including engaged frame, 4 3/4 x 3 1/2 in. (12.1 x 8.9 cm); painted surface 3 5/8 x 2 3/8 in. (9.2 x 6 cm)",Gerard David,The Metropolitan Museum of Art,2009.415,https://www.metmuseum.org/art/collection/search/439327,https://images.metmuseum.org/CRDImages/ep/original/DP218061.jpg,,CC0,https://www.metmuseum.org/about-the-met/policies-and-documents/open-access,"{'department': 'European Paintings', 'additionalImages': ['https://images.metmuseum.org/CRDImages/ep/original/LC-2009_215-IRR.jpg', 'https://images.metmuseum.org/CRDImages/ep/original/LC-2009_215-XRAY.jpg', 'https://images.metmuseum.org/CRDImages/ep/original/DP210244.jpg', 'https://images.metmuseum.org/CRDImages/ep/original/LC-2009_415-2.jpg', 'https://images.metmuseum.org/CRDImages/ep/original/LC-2009_415-3.jpg'], 'artistDisplayBio': 'Netherlandish, Oudewater ca. 1455–1523 Bruges'}"
met,437585,Market by the Seashore,1637,Oil on wood,16 x 23 3/8 in. (40.6 x 59.4 cm),Salomon van Ruysdael,The Metropolitan Museum of Art,60.55.4,https://www.metmuseum.org/art/collection/search/437585,https://images.metmuseum.org/CRDImages/ep/original/DP143181.jpg,,CC0,https://www.metmuseum.org/about-the-met/policies-and-documents/open-access,"{'department': 'European Paintings', 'additionalImages': [], 'artistDisplayBio': 'Dutch, Naarden, born ca. 1600–1603, died 1670 Haarlem'}"
met,437868,"Don Gaspar de Guzmán (1587–1645), Count-Duke of Olivares",ca. 1636 or later,Oil on canvas,50 1/4 x 41 in. (127.6 x 104.1 cm),Juan Bautista Martínez del Mazo,The Metropolitan Museum of Art,52.125,https://www.metmuseum.org/art/collection/search/437868,https://images.metmuseum.org/CRDImages/ep/original/DP-14936-011.jpg,,CC0,https://www.metmuseum.org/about-the-met/policies-and-documents/open-access,"{'department': 'European Paintings', 'additionalImages': [], 'artistDisplayBio': 'Spanish, Cuenca ca. 1612–1667 Madrid'}"
met,436176,Christ Asleep during the Tempest,ca. 1853,Oil on canvas,20 x 24 in. (50.8 x 61 cm),Eugène Delacroix,The Metropolitan Museum of Art,29.100.131,https://www.metmuseum.org/art/collection/search/436176,https://images.metmuseum.org/CRDImages/ep/original/DP-14343-001.jpg,,CC0,https://www.metmuseum.org/about-the-met/policies-and-documents/open-access,"{'department': 'European Paintings', 'additionalImages': [], 'artistDisplayBio': 'French, Charenton-Saint-Maurice 1798–1863 Paris'}"
met,436530,Oleanders,1888,Oil on canvas,23 3/4 x 29 in. (60.3 x 73.7 cm),Vincent van Gogh,The Metropolitan Museum of Art,62.24,https://www.metmuseum.org/art/collection/search/436530,https://images.metmuseum.org/CRDImages/ep/original/DT1494.jpg,,CC0,https://www.metmuseum.org/about-the-met/policies-and-documents/open-access,"{'department': 'European Paintings', 'additionalImages': [], 'artistDisplayBio': 'Dutch, Zundert 1853–1890 Auvers-sur-Oise'}"
met,459027,"Portrait of a Woman, Possibly a Nun of San Secondo; (verso) Scene in Grisaille",ca. 1485–95,Oil on wood; (verso: oil and gold on wood),"Overall 4 x 2 7/8 in. (10.2 x 7.3 cm); recto and verso, painted surface 3 3/4 x 2 1/2 in. (9.5 x 6.4 cm)",Jacometto (Jacometto Veneziano),The Metropolitan Museum of Art,1975.1.85,https://www.metmuseum.org/art/collection/search/459027,https://images.metmuseum.org/CRDImages/rl/original/DP221483.jpg,,CC0,https://www.metmuseum.org/about-the-met/policies-and-documents/open-access,"{'department': 'Robert Lehman Collection', 'additionalImages': ['https://images.metmuseum.org/CRDImages/rl/original/0347.jpg', 'https://images.metmuseum.org/CRDImages/rl/original/DT221859.jpg', 'https://images.metmuseum.org/CRDImages/rl/original/DT221864.jpg', 'https://images.metmuseum.org/CRDImages/rl/original/174b verso DP221484.jpg', 'https://images.metmuseum.org/CRDImages/rl/original/174b.jpg', 'https://images.metmuseum.org/CRDImages/rl/original/rl1975.1.85.R.jpg', 'https://images.metmuseum.org/CRDImages/rl/original/DT747.jpg', 'https://images.metmuseum.org/CRDImages/rl/original/DP161203.jpg', 'https://images.metmuseum.org/CRDImages/rl/original/DP161204.jpg', 'https://images.metmuseum.org/CRDImages/rl/original/rl1975.1.85,.86.R.jpg', 'https://images.metmuseum.org/CRDImages/rl/original/213_50N.jpg', 'https://images.metmuseum.org/CRDImages/rl/original/214R3M_50N.jpg', 'https://images.metmuseum.org/CRDImages/rl/original/215R3_50N.jpg', 'https://images.metmuseum.org/CRDImages/rl/original/ep1975.1.85.r.bw.R.jpg', 'https://images.metmuseum.org/CRDImages/rl/original/ep1975.1.85.v.bw.R.jpg', 'https://images.metmuseum.org/CRDImages/rl/original/DP221484.jpg', 'https://images.metmuseum.org/CRDImages/rl/original/104r2_50H.jpg', 'https://images.metmuseum.org/CRDImages/rl/original/106r1_50H.jpg', 'https://images.metmuseum.org/CRDImages/rl/original/0348.jpg'], 'artistDisplayBio': 'Italian, active Venice by ca. 1472–died before 1498'}"
met,329077,Head of a ruler,ca. 2300–2000 BCE,Copper alloy,13 9/16 × 8 3/8 × 9 3/16 in. (34.4 × 21.3 × 23.3 cm),,The Metropolitan Museum of Art,47.100.80,https://www.metmuseum.org/art/collection/search/329077,https://images.metmuseum.org/CRDImages/an/original/DT858.jpg,,CC0,https://www.metmuseum.org/about-the-met/policies-and-documents/open-access,"{'department': 'Ancient Near Eastern Art', 'additionalImages': ['https://images.metmuseum.org/CRDImages/an/original/an47.100.80.AV1.jpg', 'https://images.metmuseum.org/CRDImages/an/original/DP-23662-003.jpg', 'https://images.metmuseum.org/CRDImages/an/original/DP-23662-002.jpg'], 'artistDisplayBio': ''}"
met,437878,A Maid Asleep,ca. 1656–57,Oil on canvas,34 1/2 x 30 1/8 in. (87.6 x 76.5 cm),Johannes Vermeer,The Metropolitan Museum of Art,14.40.611,https://www.metmuseum.org/art/collection/search/437878,https://images.metmuseum.org/CRDImages/ep/original/DP355525.jpg,,CC0,https://www.metmuseum.org/about-the-met/policies-and-documents/open-access,"{'department': 'European Paintings', 'additionalImages': ['https://images.metmuseum.org/CRDImages/ep/original/SF X-radiograph.jpg'], 'artistDisplayBio': 'Dutch, Delft 1632–1675 Delft'}"
met,194191,Clock watch with astronomical dial and sundial,ca. 1605–10,"Case: gilded brass; Dial: gilded brass, silver, and copper; Movement: gilded brass, partly blued steel, and silver",Overall: 3 1/2 × 2 7/16 × 2 5/16 in. (8.9 × 6.2 × 5.9 cm); Width of back plate: 2 1/8 in. (5.4 cm),Jan Jansen Bockeltz,The Metropolitan Museum of Art,17.190.1603,https://www.metmuseum.org/art/collection/search/194191,https://images.metmuseum.org/CRDImages/es/original/DP340434.jpg,,CC0,https://www.metmuseum.org/about-the-met/policies-and-documents/open-access,"{'department': 'European Sculpture and Decorative Arts', 'additionalImages': ['https://images.metmuseum.org/CRDImages/es/original/DP340673.jpg', 'https://images.metmuseum.org/CRDImages/es/original/DP340430.jpg', 'https://images.metmuseum.org/CRDImages/es/original/DP340432.jpg', 'https://images.metmuseum.org/CRDImages/es/original/DP340431.jpg', 'https://images.metmuseum.org/CRDImages/es/original/DP340433.jpg', 'https://images.metmuseum.org/CRDImages/es/original/DP338577.jpg'], 'artistDisplayBio': 'Dutch, active ca. 1590, died 1626'}"
met,435807,The Smokers,ca. 1636,Oil on wood,18 1/4 × 14 1/2 in. (46.4 × 36.8 cm),Adriaen Brouwer,The Metropolitan Museum of Art,32.100.21,https://www.metmuseum.org/art/collection/search/435807,https://images.metmuseum.org/CRDImages/ep/original/DP-15904-001.jpg,,CC0,https://www.metmuseum.org/about-the-met/policies-and-documents/open-access,"{'department': 'European Paintings', 'additionalImages': [], 'artistDisplayBio': 'Flemish, Oudenaarde 1605/6–1638 Antwerp'}"
met,436885,Scene from a Novella,,Tempera on wood,13 x 16 1/8 in. (33 x 41 cm),Liberale da Verona,The Metropolitan Museum of Art,1986.147,https://www.metmuseum.org/art/collection/search/436885,https://images.metmuseum.org/CRDImages/ep/original/DT8310.jpg,,CC0,https://www.metmuseum.org/about-the-met/policies-and-documents/open-access,"{'department': 'European Paintings', 'additionalImages': ['https://images.metmuseum.org/CRDImages/ep/original/Liberale 1986 IRR.jpg'], 'artistDisplayBio': 'Italian, Verona ca. 1445–1527/29 Verona'}"
met,459028,Portrait of Alvise Contarini(?); (verso) A Tethered Roebuck,ca. 1485–95,Oil on wood; verso: oil and gold on wood,"Overall 4 5/8 x 3 3/8 in. ; recto, painted surface 4 1/8 x 3 1/8 in.; verso, painted surface 4 3/8 x 3 1/8 in.",Jacometto (Jacometto Veneziano),The Metropolitan Museum of Art,1975.1.86,https://www.metmuseum.org/art/collection/search/459028,https://images.metmuseum.org/CRDImages/rl/original/DP221485.jpg,,CC0,https://www.metmuseum.org/about-the-met/policies-and-documents/open-access,"{'department': 'Robert Lehman Collection', 'additionalImages': ['https://images.metmuseum.org/CRDImages/rl/original/DT221865.jpg', 'https://images.metmuseum.org/CRDImages/rl/original/174a verso DP221486.jpg', 'https://images.metmuseum.org/CRDImages/rl/original/174a.jpg', 'https://images.metmuseum.org/CRDImages/rl/original/0345.jpg', 'https://images.metmuseum.org/CRDImages/rl/original/rl1975.1.86.AV1.jpg', 'https://images.metmuseum.org/CRDImages/rl/original/rl1975.1.86 .R.jpg', 'https://images.metmuseum.org/CRDImages/rl/original/DT3060.jpg', 'https://images.metmuseum.org/CRDImages/rl/original/DT748.jpg', 'https://images.metmuseum.org/CRDImages/rl/original/DP161205.jpg', 'https://images.metmuseum.org/CRDImages/rl/original/DP161206.jpg', 'https://images.metmuseum.org/CRDImages/rl/original/216_50N.jpg', 'https://images.metmuseum.org/CRDImages/rl/original/217R3_50N.jpg', 'https://images.metmuseum.org/CRDImages/rl/original/218R2M_50N.jpg', 'https://images.metmuseum.org/CRDImages/rl/original/24r1_50B.jpg', 'https://images.metmuseum.org/CRDImages/rl/original/55R2_50D.jpg', 'https://images.metmuseum.org/CRDImages/rl/original/ep1975.1.86.v.bw.R.jpg', 'https://images.metmuseum.org/CRDImages/rl/original/ep1975.1.86.r.bw.R.jpg', 'https://images.metmuseum.org/CRDImages/rl/original/DP221486.jpg'], 'artistDisplayBio': 'Italian, active Venice by ca. 1472–died before 1498'}"
met,436098,The Crucifixion,ca. 1495,Oil on wood,Overall 21 x 15 in. (53.3 x 38.1 cm); painted surface 20 5/8 x 14 3/4 in. (52.5 x 37.5 cm),Gerard David,The Metropolitan Museum of Art,09.157,https://www.metmuseum.org/art/collection/search/436098,https://images.metmuseum.org/CRDImages/ep/original/DP-17230-001.jpg,,CC0,https://www.metmuseum.org/about-the-met/policies-and-documents/open-access,"{'department': 'European Paintings', 'additionalImages': ['https://images.metmuseum.org/CRDImages/ep/original/LC-09_157-IRR_full.jpg', 'https://images.metmuseum.org/CRDImages/ep/original/LC-09_157-IRR.jpg', 'https://images.metmuseum.org/CRDImages/ep/original/LC-09_157-XRAY.jpg'], 'artistDisplayBio': 'Netherlandish, Oudewater ca. 1455–1523 Bruges'}"
met,437457,The Baptism of Christ,ca. 1713–14,Oil on canvas,26 x 40 in. (66 x 101.6 cm),Sebastiano Ricci,The Metropolitan Museum of Art,1981.186,https://www.metmuseum.org/art/collection/search/437457,https://images.metmuseum.org/CRDImages/ep/original/DT9354.jpg,,CC0,https://www.metmuseum.org/about-the-met/policies-and-documents/open-access,"{'department': 'European Paintings', 'additionalImages': ['https://images.metmuseum.org/CRDImages/ep/original/LC-1981_186-2.jpg', 'https://images.metmuseum.org/CRDImages/ep/original/LC-1981_186-3.jpg'], 'artistDisplayBio': 'Italian, Belluno 1659–1734 Venice'}"
met,438816,The Forest in Winter at Sunset,ca. 1846–67,Oil on canvas,64 x 102 3/8 in. (162.6 x 260 cm),Théodore Rousseau,The Metropolitan Museum of Art,11.4,https://www.metmuseum.org/art/collection/search/438816,https://images.metmuseum.org/CRDImages/ep/original/DP-31520-001.jpg,,CC0,https://www.metmuseum.org/about-the-met/policies-and-documents/open-access,"{'department': 'European Paintings', 'additionalImages': ['https://images.metmuseum.org/CRDImages/ep/original/LC-11_4-fig11.jpg', 'https://images.metmuseum.org/CRDImages/ep/original/DP247630.jpg'], 'artistDisplayBio': 'French, Paris 1812–1867 Barbizon'}"
met,435844,The Musicians,1597,Oil on canvas,36 1/4 x 46 5/8 in. (92.1 x 118.4 cm),Caravaggio (Michelangelo Merisi),The Metropolitan Museum of Art,52.81,https://www.metmuseum.org/art/collection/search/435844,https://images.metmuseum.org/CRDImages/ep/original/DP-687-001.jpg,,CC0,https://www.metmuseum.org/about-the-met/policies-and-documents/open-access,"{'department': 'European Paintings', 'additionalImages': ['https://images.metmuseum.org/CRDImages/ep/original/Caravaggio_Xraynocap.jpg'], 'artistDisplayBio': 'Italian, Milan or Caravaggio 1571–1610 Porto Ercole'}"
met,436271,The Crucifixion with Donors and Saints Peter and Margaret of Antioch,ca. 1525–30,Oil on wood,24 1/4 x 35 1/4 in. (61.5 x 89.5 cm),Cornelis Engebrechtsz,The Metropolitan Museum of Art,88.3.88,https://www.metmuseum.org/art/collection/search/436271,https://images.metmuseum.org/CRDImages/ep/original/DT10856.jpg,,CC0,https://www.metmuseum.org/about-the-met/policies-and-documents/open-access,"{'department': 'European Paintings', 'additionalImages': ['https://images.metmuseum.org/CRDImages/ep/original/LC-88_3_88-IRR.jpg', 'https://images.metmuseum.org/CRDImages/ep/original/LC-88_3_88-IRR-detail.jpg', 'https://images.metmuseum.org/CRDImages/ep/original/LC-88_3_88-6.jpg', 'https://images.metmuseum.org/CRDImages/ep/original/LC-88_3_88-2-reverse.jpg', 'https://images.metmuseum.org/CRDImages/ep/original/LC-88_3_88-XRAY.jpg', 'https://images.metmuseum.org/CRDImages/ep/original/LC-88_3_88-7.jpg', 'https://images.metmuseum.org/CRDImages/ep/original/LC-88_3_88-8.jpg'], 'artistDisplayBio': 'Netherlandish, ca. 1460/62–1527'}"
met,435848,The Birth of the Virgin,1467,Tempera and oil on wood,57 x 37 7/8 in. (144.8 x 96.2 cm),Fra Carnevale (Bartolomeo di Giovanni Corradini),The Metropolitan Museum of Art,35.121,https://www.metmuseum.org/art/collection/search/435848,https://images.metmuseum.org/CRDImages/ep/original/DP109484.jpg,,CC0,https://www.metmuseum.org/about-the-met/policies-and-documents/open-access,"{'department': 'European Paintings', 'additionalImages': ['https://images.metmuseum.org/CRDImages/ep/original/SF Fra Carnavale.jpg', 'https://images.metmuseum.org/CRDImages/ep/original/SF Fra Carnavale detail.jpg', 'https://images.metmuseum.org/CRDImages/ep/original/LC-35_121-2.jpg', 'https://images.metmuseum.org/CRDImages/ep/original/LC-35_121-3.jpg'], 'artistDisplayBio': 'Italian, born by 1416–died 1484 Urbino'}"
met,436896,Portrait of a Woman with a Man at a Casement,ca. 1440,Tempera on wood,25 1/4 x 16 1/2 in. (64.1 x 41.9 cm),Fra Filippo Lippi,The Metropolitan Museum of Art,89.15.19,https://www.metmuseum.org/art/collection/search/436896,https://images.metmuseum.org/CRDImages/ep/original/DP159891.jpg,,CC0,https://www.metmuseum.org/about-the-met/policies-and-documents/open-access,"{'department': 'European Paintings', 'additionalImages': ['https://images.metmuseum.org/CRDImages/ep/original/LC-89_15_19-IRR.jpg'], 'artistDisplayBio': 'Italian, Florence ca. 1406–1469 Spoleto'}"
met,437059,Young Woman with a Pink,ca. 1485–90,Oil on wood,Overall 17 x 7 3/8 in. (43.2 x 18.7 cm); painted surface 17 x 6 7/8 in. (43.2 x 17.5 cm),Hans Memling,The Metropolitan Museum of Art,49.7.23,https://www.metmuseum.org/art/collection/search/437059,https://images.metmuseum.org/CRDImages/ep/original/DP-19588-001.jpg,,CC0,https://www.metmuseum.org/about-the-met/policies-and-documents/open-access,"{'department': 'European Paintings', 'additionalImages': ['https://images.metmuseum.org/CRDImages/ep/original/LC-49_7_23-1.jpg', 'https://images.metmuseum.org/CRDImages/ep/original/LC-49_7_23-IRR.jpg', 'https://images.metmuseum.org/CRDImages/ep/original/LC-49_7_23-XRAY.jpg'], 'artistDisplayBio': 'Netherlandish, Seligenstadt, active by 1465–died 1494 Bruges'}"
met,437980,Cypresses,1889,Oil on canvas,36 3/4 x 29 1/8 in. (93.4 x 74 cm),Vincent van Gogh,The Metropolitan Museum of Art,49.30,https://www.metmuseum.org/art/collection/search/437980,https://images.metmuseum.org/CRDImages/ep/original/DP130999.jpg,,CC0,https://www.metmuseum.org/about-the-met/policies-and-documents/open-access,"{'department': 'European Paintings', 'additionalImages': [], 'artistDisplayBio': 'Dutch, Zundert 1853–1890 Auvers-sur-Oise'}"
met,436180,The Natchez,1823–24 and 1835,Oil on canvas,35 1/2 x 46 in. (90.2 x 116.8 cm),Eugène Delacroix,The Metropolitan Museum of Art,1989.328,https://www.metmuseum.org/art/collection/search/436180,https://images.metmuseum.org/CRDImages/ep/original/DP-14345-001.jpg,,CC0,https://www.metmuseum.org/about-the-met/policies-and-documents/open-access,"{'department': 'European Paintings', 'additionalImages': [], 'artistDisplayBio': 'French, Charenton-Saint-Maurice 1798–1863 Paris'}"
met,436529,"L'Arlésienne: Madame Joseph-Michel Ginoux (Marie Julien, 1848–1911)",1888–89,Oil on canvas,36 × 29 in. (91.4 × 73.7 cm),Vincent van Gogh,The Metropolitan Museum of Art,51.112.3,https://www.metmuseum.org/art/collection/search/436529,https://images.metmuseum.org/CRDImages/ep/original/DT1396.jpg,,CC0,https://www.metmuseum.org/about-the-met/policies-and-documents/open-access,"{'department': 'European Paintings', 'additionalImages': [], 'artistDisplayBio': 'Dutch, Zundert 1853–1890 Auvers-sur-Oise'}"
met,437173,Don Andrés de Andrade y la Cal,ca. 1665–72,Oil on canvas,79 × 47 in. (200.7 × 119.4 cm),Bartolomé Estebán Murillo,The Metropolitan Museum of Art,27.219,https://www.metmuseum.org/art/collection/search/437173,https://images.metmuseum.org/CRDImages/ep/original/DP-16333-001.jpg,,CC0,https://www.metmuseum.org/about-the-met/policies-and-documents/open-access,"{'department': 'European Paintings', 'additionalImages': ['https://images.metmuseum.org/CRDImages/ep/original/LC-27_219-2.jpg', 'https://images.metmuseum.org/CRDImages/ep/original/LC-27_219-3.jpg'], 'artistDisplayBio': 'Spanish, Seville 1617–1682 Seville'}"
met,436838,The Fortune-Teller,probably 1630s,Oil on canvas,40 1/8 x 48 5/8 in. (101.9 x 123.5 cm),Georges de La Tour,The Metropolitan Museum of Art,60.30,https://www.metmuseum.org/art/collection/search/436838,https://images.metmuseum.org/CRDImages/ep/original/DP-14286-015.jpg,,CC0,https://www.metmuseum.org/about-the-met/policies-and-documents/open-access,"{'department': 'European Paintings', 'additionalImages': [], 'artistDisplayBio': 'French, Vic-sur-Seille 1593–1652 Lunéville'}"
met,438821,Ia Orana Maria (Hail Mary),1891,Oil on canvas,44 3/4 x 34 1/2 in. (113.7 x 87.6 cm),Paul Gauguin,The Metropolitan Museum of Art,51.112.2,https://www.metmuseum.org/art/collection/search/438821,https://images.metmuseum.org/CRDImages/ep/original/DT1025.jpg,,CC0,https://www.metmuseum.org/about-the-met/policies-and-documents/open-access,"{'department': 'European Paintings', 'additionalImages': [], 'artistDisplayBio': 'French, Paris 1848–1903 Atuona, Hiva Oa, Marquesas Islands'}"
cma,135299,Adeline Ravoux,1890,oil on fabric,Framed: 72.5 x 73.5 x 8.5 cm (28 9/16 x 28 15/16 x 3 3/8 in.); Unframed: 50.2 x 50.5 cm (19 3/4 x 19 7/8 in.),"Vincent van Gogh (Dutch, 1853–1890)",Cleveland Museum of Art,1958.31,https://clevelandart.org/art/1958.31,https://openaccess-cdn.clevelandart.org/1958.31/1958.31_full.tif,,CC0,https://www.clevelandart.org/open-access,{'department': 'Modern European Painting and Sculpture'}
cma,125249,The Large Plane Trees (Road Menders at Saint-Rémy),1889,oil on fabric,Framed: 104.5 x 124.5 x 7.6 cm (41 1/8 x 49 x 3 in.); Unframed: 73.4 x 91.8 cm (28 7/8 x 36 1/8 in.),"Vincent van Gogh (Dutch, 1853–1890)",Cleveland Museum of Art,1947.209,https://clevelandart.org/art/1947.209,https://openaccess-cdn.clevelandart.org/1947.209/1947.209_full.tif,,CC0,https://www.clevelandart.org/open-access,{'department': 'Modern European Painting and Sculpture'}
cma,135310,Two Poplars in the Alpilles near Saint-Rémy,1889,oil on fabric,Framed: 81 x 66.7 x 7.3 cm (31 7/8 x 26 1/4 x 2 7/8 in.); Unframed: 61.6 x 45.7 cm (24 1/4 x 18 in.),"Vincent van Gogh (Dutch, 1853–1890)",Cleveland Museum of Art,1958.32,https://clevelandart.org/art/1958.32,https://openaccess-cdn.clevelandart.org/1958.32/1958.32_full.tif,,CC0,https://www.clevelandart.org/open-access,{'department': 'Modern European Painting and Sculpture'}
cma,135286,Landscape with Wheelbarrow,1883,watercolor and opaque watercolor with black chalk on cream paper,Sheet: 24.9 x 35.7 cm (9 13/16 x 14 1/16 in.); Framed: 39.8 x 52.4 x 2.6 cm (15 11/16 x 20 5/8 x 1 in.),"Vincent van Gogh (Dutch, 1853–1890)",Cleveland Museum of Art,1958.30,https://clevelandart.org/art/1958.30,https://openaccess-cdn.clevelandart.org/1958.30/1958.30_full.tif,,CC0,https://www.clevelandart.org/open-access,{'department': 'Drawings'}
cma,126085,Dr. Gachet,1890,"Etching and drypoint, enhanced with black ink on laid paper",18.1 x 15.2 cm (7 1/8 x 6 in.),"Vincent van Gogh (Dutch, 1853–1890)",Cleveland Museum of Art,1948.303,https://clevelandart.org/art/1948.303,https://openaccess-cdn.clevelandart.org/1948.303/1948.303_full.tif,,CC0,https://www.clevelandart.org/open-access,{'department': 'Prints'}
